"GEO_ID","id"
"NAME","Geographic Area Name"
"POPGROUP","Race/Ethnic Group"
"POPGROUP_TTL","Population Groups"
"S0201_0001E","Estimate!!TOTAL NUMBER OF RACES REPORTED!!Total population"
"S0201_0001M","Margin of Error!!TOTAL NUMBER OF RACES REPORTED!!Total population"
"S0201_0002E","Estimate!!TOTAL NUMBER OF RACES REPORTED!!Total population!!One race"
"S0201_0002M","Margin of Error!!TOTAL NUMBER OF RACES REPORTED!!Total population!!One race"
"S0201_0003E","Estimate!!TOTAL NUMBER OF RACES REPORTED!!Total population!!Two races"
"S0201_0003M","Margin of Error!!TOTAL NUMBER OF RACES REPORTED!!Total population!!Two races"
"S0201_0004E","Estimate!!TOTAL NUMBER OF RACES REPORTED!!Total population!!Three races"
"S0201_0004M","Margin of Error!!TOTAL NUMBER OF RACES REPORTED!!Total population!!Three races"
"S0201_0005E","Estimate!!TOTAL NUMBER OF RACES REPORTED!!Total population!!Four or more races"
"S0201_0005M","Margin of Error!!TOTAL NUMBER OF RACES REPORTED!!Total population!!Four or more races"
"S0201_0006E","Estimate!!SEX AND AGE!!Total population"
"S0201_0006M","Margin of Error!!SEX AND AGE!!Total population"
"S0201_0007E","Estimate!!SEX AND AGE!!Total population!!Male"
"S0201_0007M","Margin of Error!!SEX AND AGE!!Total population!!Male"
"S0201_0008E","Estimate!!SEX AND AGE!!Total population!!Female"
"S0201_0008M","Margin of Error!!SEX AND AGE!!Total population!!Female"
"S0201_0009E","Estimate!!SEX AND AGE!!Under 5 years"
"S0201_0009M","Margin of Error!!SEX AND AGE!!Under 5 years"
"S0201_0010E","Estimate!!SEX AND AGE!!5 to 17 years"
"S0201_0010M","Margin of Error!!SEX AND AGE!!5 to 17 years"
"S0201_0011E","Estimate!!SEX AND AGE!!18 to 24 years"
"S0201_0011M","Margin of Error!!SEX AND AGE!!18 to 24 years"
"S0201_0012E","Estimate!!SEX AND AGE!!25 to 34 years"
"S0201_0012M","Margin of Error!!SEX AND AGE!!25 to 34 years"
"S0201_0013E","Estimate!!SEX AND AGE!!35 to 44 years"
"S0201_0013M","Margin of Error!!SEX AND AGE!!35 to 44 years"
"S0201_0014E","Estimate!!SEX AND AGE!!45 to 54 years"
"S0201_0014M","Margin of Error!!SEX AND AGE!!45 to 54 years"
"S0201_0015E","Estimate!!SEX AND AGE!!55 to 64 years"
"S0201_0015M","Margin of Error!!SEX AND AGE!!55 to 64 years"
"S0201_0016E","Estimate!!SEX AND AGE!!65 to 74 years"
"S0201_0016M","Margin of Error!!SEX AND AGE!!65 to 74 years"
"S0201_0017E","Estimate!!SEX AND AGE!!75 years and over"
"S0201_0017M","Margin of Error!!SEX AND AGE!!75 years and over"
"S0201_0018E","Estimate!!SEX AND AGE!!Median age (years)"
"S0201_0018M","Margin of Error!!SEX AND AGE!!Median age (years)"
"S0201_0019E","Estimate!!SEX AND AGE!!18 years and over"
"S0201_0019M","Margin of Error!!SEX AND AGE!!18 years and over"
"S0201_0020E","Estimate!!SEX AND AGE!!21 years and over"
"S0201_0020M","Margin of Error!!SEX AND AGE!!21 years and over"
"S0201_0021E","Estimate!!SEX AND AGE!!62 years and over"
"S0201_0021M","Margin of Error!!SEX AND AGE!!62 years and over"
"S0201_0022E","Estimate!!SEX AND AGE!!65 years and over"
"S0201_0022M","Margin of Error!!SEX AND AGE!!65 years and over"
"S0201_0023E","Estimate!!SEX AND AGE!!Under 18 years"
"S0201_0023M","Margin of Error!!SEX AND AGE!!Under 18 years"
"S0201_0024E","Estimate!!SEX AND AGE!!Under 18 years!!Male"
"S0201_0024M","Margin of Error!!SEX AND AGE!!Under 18 years!!Male"
"S0201_0025E","Estimate!!SEX AND AGE!!Under 18 years!!Female"
"S0201_0025M","Margin of Error!!SEX AND AGE!!Under 18 years!!Female"
"S0201_0026E","Estimate!!SEX AND AGE!!18 years and over"
"S0201_0026M","Margin of Error!!SEX AND AGE!!18 years and over"
"S0201_0027E","Estimate!!SEX AND AGE!!18 years and over!!Male"
"S0201_0027M","Margin of Error!!SEX AND AGE!!18 years and over!!Male"
"S0201_0028E","Estimate!!SEX AND AGE!!18 years and over!!Female"
"S0201_0028M","Margin of Error!!SEX AND AGE!!18 years and over!!Female"
"S0201_0029E","Estimate!!SEX AND AGE!!18 to 34 years"
"S0201_0029M","Margin of Error!!SEX AND AGE!!18 to 34 years"
"S0201_0030E","Estimate!!SEX AND AGE!!18 to 34 years!!Male"
"S0201_0030M","Margin of Error!!SEX AND AGE!!18 to 34 years!!Male"
"S0201_0031E","Estimate!!SEX AND AGE!!18 to 34 years!!Female"
"S0201_0031M","Margin of Error!!SEX AND AGE!!18 to 34 years!!Female"
"S0201_0032E","Estimate!!SEX AND AGE!!35 to 64 years"
"S0201_0032M","Margin of Error!!SEX AND AGE!!35 to 64 years"
"S0201_0033E","Estimate!!SEX AND AGE!!35 to 64 years!!Male"
"S0201_0033M","Margin of Error!!SEX AND AGE!!35 to 64 years!!Male"
"S0201_0034E","Estimate!!SEX AND AGE!!35 to 64 years!!Female"
"S0201_0034M","Margin of Error!!SEX AND AGE!!35 to 64 years!!Female"
"S0201_0035E","Estimate!!SEX AND AGE!!65 years and over"
"S0201_0035M","Margin of Error!!SEX AND AGE!!65 years and over"
"S0201_0036E","Estimate!!SEX AND AGE!!65 years and over!!Male"
"S0201_0036M","Margin of Error!!SEX AND AGE!!65 years and over!!Male"
"S0201_0037E","Estimate!!SEX AND AGE!!65 years and over!!Female"
"S0201_0037M","Margin of Error!!SEX AND AGE!!65 years and over!!Female"
"S0201_0038E","Estimate!!RELATIONSHIP!!Population in households"
"S0201_0038M","Margin of Error!!RELATIONSHIP!!Population in households"
"S0201_0039E","Estimate!!RELATIONSHIP!!Population in households!!Householder or spouse"
"S0201_0039M","Margin of Error!!RELATIONSHIP!!Population in households!!Householder or spouse"
"S0201_0040E","Estimate!!RELATIONSHIP!!Population in households!!Child"
"S0201_0040M","Margin of Error!!RELATIONSHIP!!Population in households!!Child"
"S0201_0041E","Estimate!!RELATIONSHIP!!Population in households!!Other relatives"
"S0201_0041M","Margin of Error!!RELATIONSHIP!!Population in households!!Other relatives"
"S0201_0042E","Estimate!!RELATIONSHIP!!Population in households!!Nonrelatives"
"S0201_0042M","Margin of Error!!RELATIONSHIP!!Population in households!!Nonrelatives"
"S0201_0043E","Estimate!!RELATIONSHIP!!Population in households!!Nonrelatives!!Unmarried partner"
"S0201_0043M","Margin of Error!!RELATIONSHIP!!Population in households!!Nonrelatives!!Unmarried partner"
"S0201_0044E","Estimate!!HOUSEHOLDS BY TYPE!!Households"
"S0201_0044M","Margin of Error!!HOUSEHOLDS BY TYPE!!Households"
"S0201_0045E","Estimate!!HOUSEHOLDS BY TYPE!!Households!!Family households"
"S0201_0045M","Margin of Error!!HOUSEHOLDS BY TYPE!!Households!!Family households"
"S0201_0046E","Estimate!!HOUSEHOLDS BY TYPE!!Households!!Family households!!With own children of the householder under 18 years"
"S0201_0046M","Margin of Error!!HOUSEHOLDS BY TYPE!!Households!!Family households!!With own children of the householder under 18 years"
"S0201_0047E","Estimate!!HOUSEHOLDS BY TYPE!!Households!!Family households!!Married-couple family"
"S0201_0047M","Margin of Error!!HOUSEHOLDS BY TYPE!!Households!!Family households!!Married-couple family"
"S0201_0048E","Estimate!!HOUSEHOLDS BY TYPE!!Households!!Family households!!Married-couple family!!With own children of the householder under 18 years"
"S0201_0048M","Margin of Error!!HOUSEHOLDS BY TYPE!!Households!!Family households!!Married-couple family!!With own children of the householder under 18 years"
"S0201_0049E","Estimate!!HOUSEHOLDS BY TYPE!!Households!!Family households!!Female householder, no husband present, family"
"S0201_0049M","Margin of Error!!HOUSEHOLDS BY TYPE!!Households!!Family households!!Female householder, no husband present, family"
"S0201_0050E","Estimate!!HOUSEHOLDS BY TYPE!!Households!!Family households!!Female householder, no husband present, family!!With own children of the householder under 18 years"
"S0201_0050M","Margin of Error!!HOUSEHOLDS BY TYPE!!Households!!Family households!!Female householder, no husband present, family!!With own children of the householder under 18 years"
"S0201_0051E","Estimate!!HOUSEHOLDS BY TYPE!!Households!!Nonfamily households"
"S0201_0051M","Margin of Error!!HOUSEHOLDS BY TYPE!!Households!!Nonfamily households"
"S0201_0052E","Estimate!!HOUSEHOLDS BY TYPE!!Households!!Nonfamily households!!Male householder"
"S0201_0052M","Margin of Error!!HOUSEHOLDS BY TYPE!!Households!!Nonfamily households!!Male householder"
"S0201_0053E","Estimate!!HOUSEHOLDS BY TYPE!!Households!!Nonfamily households!!Male householder!!Living alone"
"S0201_0053M","Margin of Error!!HOUSEHOLDS BY TYPE!!Households!!Nonfamily households!!Male householder!!Living alone"
"S0201_0054E","Estimate!!HOUSEHOLDS BY TYPE!!Households!!Nonfamily households!!Male householder!!Not living alone"
"S0201_0054M","Margin of Error!!HOUSEHOLDS BY TYPE!!Households!!Nonfamily households!!Male householder!!Not living alone"
"S0201_0055E","Estimate!!HOUSEHOLDS BY TYPE!!Households!!Nonfamily households!!Female householder"
"S0201_0055M","Margin of Error!!HOUSEHOLDS BY TYPE!!Households!!Nonfamily households!!Female householder"
"S0201_0056E","Estimate!!HOUSEHOLDS BY TYPE!!Households!!Nonfamily households!!Female householder!!Living alone"
"S0201_0056M","Margin of Error!!HOUSEHOLDS BY TYPE!!Households!!Nonfamily households!!Female householder!!Living alone"
"S0201_0057E","Estimate!!HOUSEHOLDS BY TYPE!!Households!!Nonfamily households!!Female householder!!Not living alone"
"S0201_0057M","Margin of Error!!HOUSEHOLDS BY TYPE!!Households!!Nonfamily households!!Female householder!!Not living alone"
"S0201_0058E","Estimate!!HOUSEHOLDS BY TYPE!!Average household size"
"S0201_0058M","Margin of Error!!HOUSEHOLDS BY TYPE!!Average household size"
"S0201_0059E","Estimate!!HOUSEHOLDS BY TYPE!!Average family size"
"S0201_0059M","Margin of Error!!HOUSEHOLDS BY TYPE!!Average family size"
"S0201_0060E","Estimate!!MARITAL STATUS!!Population 15 years and over"
"S0201_0060M","Margin of Error!!MARITAL STATUS!!Population 15 years and over"
"S0201_0061E","Estimate!!MARITAL STATUS!!Population 15 years and over!!Now married, except separated"
"S0201_0061M","Margin of Error!!MARITAL STATUS!!Population 15 years and over!!Now married, except separated"
"S0201_0062E","Estimate!!MARITAL STATUS!!Population 15 years and over!!Widowed"
"S0201_0062M","Margin of Error!!MARITAL STATUS!!Population 15 years and over!!Widowed"
"S0201_0063E","Estimate!!MARITAL STATUS!!Population 15 years and over!!Divorced"
"S0201_0063M","Margin of Error!!MARITAL STATUS!!Population 15 years and over!!Divorced"
"S0201_0064E","Estimate!!MARITAL STATUS!!Population 15 years and over!!Separated"
"S0201_0064M","Margin of Error!!MARITAL STATUS!!Population 15 years and over!!Separated"
"S0201_0065E","Estimate!!MARITAL STATUS!!Population 15 years and over!!Never married"
"S0201_0065M","Margin of Error!!MARITAL STATUS!!Population 15 years and over!!Never married"
"S0201_0066E","Estimate!!MARITAL STATUS!!Male 15 years and over"
"S0201_0066M","Margin of Error!!MARITAL STATUS!!Male 15 years and over"
"S0201_0067E","Estimate!!MARITAL STATUS!!Male 15 years and over!!Now married, except separated"
"S0201_0067M","Margin of Error!!MARITAL STATUS!!Male 15 years and over!!Now married, except separated"
"S0201_0068E","Estimate!!MARITAL STATUS!!Male 15 years and over!!Widowed"
"S0201_0068M","Margin of Error!!MARITAL STATUS!!Male 15 years and over!!Widowed"
"S0201_0069E","Estimate!!MARITAL STATUS!!Male 15 years and over!!Divorced"
"S0201_0069M","Margin of Error!!MARITAL STATUS!!Male 15 years and over!!Divorced"
"S0201_0070E","Estimate!!MARITAL STATUS!!Male 15 years and over!!Separated"
"S0201_0070M","Margin of Error!!MARITAL STATUS!!Male 15 years and over!!Separated"
"S0201_0071E","Estimate!!MARITAL STATUS!!Male 15 years and over!!Never married"
"S0201_0071M","Margin of Error!!MARITAL STATUS!!Male 15 years and over!!Never married"
"S0201_0072E","Estimate!!MARITAL STATUS!!Female 15 years and over"
"S0201_0072M","Margin of Error!!MARITAL STATUS!!Female 15 years and over"
"S0201_0073E","Estimate!!MARITAL STATUS!!Female 15 years and over!!Now married, except separated"
"S0201_0073M","Margin of Error!!MARITAL STATUS!!Female 15 years and over!!Now married, except separated"
"S0201_0074E","Estimate!!MARITAL STATUS!!Female 15 years and over!!Widowed"
"S0201_0074M","Margin of Error!!MARITAL STATUS!!Female 15 years and over!!Widowed"
"S0201_0075E","Estimate!!MARITAL STATUS!!Female 15 years and over!!Divorced"
"S0201_0075M","Margin of Error!!MARITAL STATUS!!Female 15 years and over!!Divorced"
"S0201_0076E","Estimate!!MARITAL STATUS!!Female 15 years and over!!Separated"
"S0201_0076M","Margin of Error!!MARITAL STATUS!!Female 15 years and over!!Separated"
"S0201_0077E","Estimate!!MARITAL STATUS!!Female 15 years and over!!Never married"
"S0201_0077M","Margin of Error!!MARITAL STATUS!!Female 15 years and over!!Never married"
"S0201_0078E","Estimate!!SCHOOL ENROLLMENT!!Population 3 years and over enrolled in school"
"S0201_0078M","Margin of Error!!SCHOOL ENROLLMENT!!Population 3 years and over enrolled in school"
"S0201_0079E","Estimate!!SCHOOL ENROLLMENT!!Population 3 years and over enrolled in school!!Nursery school, preschool"
"S0201_0079M","Margin of Error!!SCHOOL ENROLLMENT!!Population 3 years and over enrolled in school!!Nursery school, preschool"
"S0201_0080E","Estimate!!SCHOOL ENROLLMENT!!Population 3 years and over enrolled in school!!Kindergarten"
"S0201_0080M","Margin of Error!!SCHOOL ENROLLMENT!!Population 3 years and over enrolled in school!!Kindergarten"
"S0201_0081E","Estimate!!SCHOOL ENROLLMENT!!Population 3 years and over enrolled in school!!Elementary school (grades 1-8)"
"S0201_0081M","Margin of Error!!SCHOOL ENROLLMENT!!Population 3 years and over enrolled in school!!Elementary school (grades 1-8)"
"S0201_0082E","Estimate!!SCHOOL ENROLLMENT!!Population 3 years and over enrolled in school!!High school (grades 9-12)"
"S0201_0082M","Margin of Error!!SCHOOL ENROLLMENT!!Population 3 years and over enrolled in school!!High school (grades 9-12)"
"S0201_0083E","Estimate!!SCHOOL ENROLLMENT!!Population 3 years and over enrolled in school!!College or graduate school"
"S0201_0083M","Margin of Error!!SCHOOL ENROLLMENT!!Population 3 years and over enrolled in school!!College or graduate school"
"S0201_0084E","Estimate!!SCHOOL ENROLLMENT!!Male 3 years and over enrolled in school"
"S0201_0084M","Margin of Error!!SCHOOL ENROLLMENT!!Male 3 years and over enrolled in school"
"S0201_0085E","Estimate!!SCHOOL ENROLLMENT!!Male 3 years and over enrolled in school!!Percent enrolled in kindergarten to grade 12"
"S0201_0085M","Margin of Error!!SCHOOL ENROLLMENT!!Male 3 years and over enrolled in school!!Percent enrolled in kindergarten to grade 12"
"S0201_0086E","Estimate!!SCHOOL ENROLLMENT!!Male 3 years and over enrolled in school!!Percent enrolled in college or graduate school"
"S0201_0086M","Margin of Error!!SCHOOL ENROLLMENT!!Male 3 years and over enrolled in school!!Percent enrolled in college or graduate school"
"S0201_0087E","Estimate!!SCHOOL ENROLLMENT!!Female 3 years and over enrolled in school"
"S0201_0087M","Margin of Error!!SCHOOL ENROLLMENT!!Female 3 years and over enrolled in school"
"S0201_0088E","Estimate!!SCHOOL ENROLLMENT!!Female 3 years and over enrolled in school!!Percent enrolled in kindergarten to grade 12"
"S0201_0088M","Margin of Error!!SCHOOL ENROLLMENT!!Female 3 years and over enrolled in school!!Percent enrolled in kindergarten to grade 12"
"S0201_0089E","Estimate!!SCHOOL ENROLLMENT!!Female 3 years and over enrolled in school!!Percent enrolled in college or graduate school"
"S0201_0089M","Margin of Error!!SCHOOL ENROLLMENT!!Female 3 years and over enrolled in school!!Percent enrolled in college or graduate school"
"S0201_0090E","Estimate!!EDUCATIONAL ATTAINMENT!!Population 25 years and over"
"S0201_0090M","Margin of Error!!EDUCATIONAL ATTAINMENT!!Population 25 years and over"
"S0201_0091E","Estimate!!EDUCATIONAL ATTAINMENT!!Population 25 years and over!!Less than high school diploma"
"S0201_0091M","Margin of Error!!EDUCATIONAL ATTAINMENT!!Population 25 years and over!!Less than high school diploma"
"S0201_0092E","Estimate!!EDUCATIONAL ATTAINMENT!!Population 25 years and over!!High school graduate (includes equivalency)"
"S0201_0092M","Margin of Error!!EDUCATIONAL ATTAINMENT!!Population 25 years and over!!High school graduate (includes equivalency)"
"S0201_0093E","Estimate!!EDUCATIONAL ATTAINMENT!!Population 25 years and over!!Some college or associate's degree"
"S0201_0093M","Margin of Error!!EDUCATIONAL ATTAINMENT!!Population 25 years and over!!Some college or associate's degree"
"S0201_0094E","Estimate!!EDUCATIONAL ATTAINMENT!!Population 25 years and over!!Bachelor's degree"
"S0201_0094M","Margin of Error!!EDUCATIONAL ATTAINMENT!!Population 25 years and over!!Bachelor's degree"
"S0201_0095E","Estimate!!EDUCATIONAL ATTAINMENT!!Population 25 years and over!!Graduate or professional degree"
"S0201_0095M","Margin of Error!!EDUCATIONAL ATTAINMENT!!Population 25 years and over!!Graduate or professional degree"
"S0201_0096E","Estimate!!EDUCATIONAL ATTAINMENT!!High school graduate or higher"
"S0201_0096M","Margin of Error!!EDUCATIONAL ATTAINMENT!!High school graduate or higher"
"S0201_0097E","Estimate!!EDUCATIONAL ATTAINMENT!!High school graduate or higher!!Male, high school graduate or higher"
"S0201_0097M","Margin of Error!!EDUCATIONAL ATTAINMENT!!High school graduate or higher!!Male, high school graduate or higher"
"S0201_0098E","Estimate!!EDUCATIONAL ATTAINMENT!!High school graduate or higher!!Female, high school graduate or higher"
"S0201_0098M","Margin of Error!!EDUCATIONAL ATTAINMENT!!High school graduate or higher!!Female, high school graduate or higher"
"S0201_0099E","Estimate!!EDUCATIONAL ATTAINMENT!!Bachelor's degree or higher"
"S0201_0099M","Margin of Error!!EDUCATIONAL ATTAINMENT!!Bachelor's degree or higher"
"S0201_0100E","Estimate!!EDUCATIONAL ATTAINMENT!!Bachelor's degree or higher!!Male, bachelor's degree or higher"
"S0201_0100M","Margin of Error!!EDUCATIONAL ATTAINMENT!!Bachelor's degree or higher!!Male, bachelor's degree or higher"
"S0201_0101E","Estimate!!EDUCATIONAL ATTAINMENT!!Bachelor's degree or higher!!Female, bachelor's degree or higher"
"S0201_0101M","Margin of Error!!EDUCATIONAL ATTAINMENT!!Bachelor's degree or higher!!Female, bachelor's degree or higher"
"S0201_0102E","Estimate!!FERTILITY!!Women 15 to 50 years"
"S0201_0102M","Margin of Error!!FERTILITY!!Women 15 to 50 years"
"S0201_0103E","Estimate!!FERTILITY!!Women 15 to 50 years!!Women 15 to 50 years who had a birth in the past 12 months"
"S0201_0103M","Margin of Error!!FERTILITY!!Women 15 to 50 years!!Women 15 to 50 years who had a birth in the past 12 months"
"S0201_0104E","Estimate!!FERTILITY!!Women 15 to 50 years!!Women 15 to 50 years who had a birth in the past 12 months!!Unmarried women 15 to 50 years who had a birth in the past 12 months"
"S0201_0104M","Margin of Error!!FERTILITY!!Women 15 to 50 years!!Women 15 to 50 years who had a birth in the past 12 months!!Unmarried women 15 to 50 years who had a birth in the past 12 months"
"S0201_0105E","Estimate!!FERTILITY!!Women 15 to 50 years!!Women 15 to 50 years who had a birth in the past 12 months!!Unmarried women 15 to 50 years who had a birth in the past 12 months!!As a percent of all women with a birth in the past 12 months"
"S0201_0105M","Margin of Error!!FERTILITY!!Women 15 to 50 years!!Women 15 to 50 years who had a birth in the past 12 months!!Unmarried women 15 to 50 years who had a birth in the past 12 months!!As a percent of all women with a birth in the past 12 months"
"S0201_0106E","Estimate!!RESPONSIBILITY FOR GRANDCHILDREN UNDER 18 YEARS!!Population 30 years and over"
"S0201_0106M","Margin of Error!!RESPONSIBILITY FOR GRANDCHILDREN UNDER 18 YEARS!!Population 30 years and over"
"S0201_0107E","Estimate!!RESPONSIBILITY FOR GRANDCHILDREN UNDER 18 YEARS!!Population 30 years and over!!Grandparents living with grandchild(ren)"
"S0201_0107M","Margin of Error!!RESPONSIBILITY FOR GRANDCHILDREN UNDER 18 YEARS!!Population 30 years and over!!Grandparents living with grandchild(ren)"
"S0201_0108E","Estimate!!RESPONSIBILITY FOR GRANDCHILDREN UNDER 18 YEARS!!Population 30 years and over!!Grandparents living with grandchild(ren)!!Grandparents responsible for grandchildren as a percentage of living with grandchildren"
"S0201_0108M","Margin of Error!!RESPONSIBILITY FOR GRANDCHILDREN UNDER 18 YEARS!!Population 30 years and over!!Grandparents living with grandchild(ren)!!Grandparents responsible for grandchildren as a percentage of living with grandchildren"
"S0201_0109E","Estimate!!VETERAN STATUS!!Civilian population 18 years and over"
"S0201_0109M","Margin of Error!!VETERAN STATUS!!Civilian population 18 years and over"
"S0201_0110E","Estimate!!VETERAN STATUS!!Civilian population 18 years and over!!Civilian veteran"
"S0201_0110M","Margin of Error!!VETERAN STATUS!!Civilian population 18 years and over!!Civilian veteran"
"S0201_0111E","Estimate!!DISABILITY STATUS!!Total civilian noninstitutionalized population"
"S0201_0111M","Margin of Error!!DISABILITY STATUS!!Total civilian noninstitutionalized population"
"S0201_0112E","Estimate!!DISABILITY STATUS!!Total civilian noninstitutionalized population!!With a disability"
"S0201_0112M","Margin of Error!!DISABILITY STATUS!!Total civilian noninstitutionalized population!!With a disability"
"S0201_0113E","Estimate!!DISABILITY STATUS!!Civilian noninstitutionalized population under 18 years"
"S0201_0113M","Margin of Error!!DISABILITY STATUS!!Civilian noninstitutionalized population under 18 years"
"S0201_0114E","Estimate!!DISABILITY STATUS!!Civilian noninstitutionalized population under 18 years!!With a disability"
"S0201_0114M","Margin of Error!!DISABILITY STATUS!!Civilian noninstitutionalized population under 18 years!!With a disability"
"S0201_0115E","Estimate!!DISABILITY STATUS!!Civilian noninstitutionalized population 18 to 64 years"
"S0201_0115M","Margin of Error!!DISABILITY STATUS!!Civilian noninstitutionalized population 18 to 64 years"
"S0201_0116E","Estimate!!DISABILITY STATUS!!Civilian noninstitutionalized population 18 to 64 years!!With a disability"
"S0201_0116M","Margin of Error!!DISABILITY STATUS!!Civilian noninstitutionalized population 18 to 64 years!!With a disability"
"S0201_0117E","Estimate!!DISABILITY STATUS!!Civilian noninstitutionalized population 65 years and older"
"S0201_0117M","Margin of Error!!DISABILITY STATUS!!Civilian noninstitutionalized population 65 years and older"
"S0201_0118E","Estimate!!DISABILITY STATUS!!Civilian noninstitutionalized population 65 years and older!!With a disability"
"S0201_0118M","Margin of Error!!DISABILITY STATUS!!Civilian noninstitutionalized population 65 years and older!!With a disability"
"S0201_0119E","Estimate!!RESIDENCE 1 YEAR AGO!!Population 1 year and over"
"S0201_0119M","Margin of Error!!RESIDENCE 1 YEAR AGO!!Population 1 year and over"
"S0201_0120E","Estimate!!RESIDENCE 1 YEAR AGO!!Population 1 year and over!!Same house"
"S0201_0120M","Margin of Error!!RESIDENCE 1 YEAR AGO!!Population 1 year and over!!Same house"
"S0201_0121E","Estimate!!RESIDENCE 1 YEAR AGO!!Population 1 year and over!!Different house in the U.S."
"S0201_0121M","Margin of Error!!RESIDENCE 1 YEAR AGO!!Population 1 year and over!!Different house in the U.S."
"S0201_0122E","Estimate!!RESIDENCE 1 YEAR AGO!!Population 1 year and over!!Different house in the U.S.!!Same county"
"S0201_0122M","Margin of Error!!RESIDENCE 1 YEAR AGO!!Population 1 year and over!!Different house in the U.S.!!Same county"
"S0201_0123E","Estimate!!RESIDENCE 1 YEAR AGO!!Population 1 year and over!!Different house in the U.S.!!Different county"
"S0201_0123M","Margin of Error!!RESIDENCE 1 YEAR AGO!!Population 1 year and over!!Different house in the U.S.!!Different county"
"S0201_0124E","Estimate!!RESIDENCE 1 YEAR AGO!!Population 1 year and over!!Different house in the U.S.!!Different county!!Same state"
"S0201_0124M","Margin of Error!!RESIDENCE 1 YEAR AGO!!Population 1 year and over!!Different house in the U.S.!!Different county!!Same state"
"S0201_0125E","Estimate!!RESIDENCE 1 YEAR AGO!!Population 1 year and over!!Different house in the U.S.!!Different county!!Different state"
"S0201_0125M","Margin of Error!!RESIDENCE 1 YEAR AGO!!Population 1 year and over!!Different house in the U.S.!!Different county!!Different state"
"S0201_0126E","Estimate!!RESIDENCE 1 YEAR AGO!!Population 1 year and over!!Abroad"
"S0201_0126M","Margin of Error!!RESIDENCE 1 YEAR AGO!!Population 1 year and over!!Abroad"
"S0201_0127E","Estimate!!PLACE OF BIRTH, CITIZENSHIP STATUS AND YEAR OF ENTRY!!Native"
"S0201_0127M","Margin of Error!!PLACE OF BIRTH, CITIZENSHIP STATUS AND YEAR OF ENTRY!!Native"
"S0201_0128E","Estimate!!PLACE OF BIRTH, CITIZENSHIP STATUS AND YEAR OF ENTRY!!Native!!Male"
"S0201_0128M","Margin of Error!!PLACE OF BIRTH, CITIZENSHIP STATUS AND YEAR OF ENTRY!!Native!!Male"
"S0201_0129E","Estimate!!PLACE OF BIRTH, CITIZENSHIP STATUS AND YEAR OF ENTRY!!Native!!Female"
"S0201_0129M","Margin of Error!!PLACE OF BIRTH, CITIZENSHIP STATUS AND YEAR OF ENTRY!!Native!!Female"
"S0201_0130E","Estimate!!PLACE OF BIRTH, CITIZENSHIP STATUS AND YEAR OF ENTRY!!Foreign born"
"S0201_0130M","Margin of Error!!PLACE OF BIRTH, CITIZENSHIP STATUS AND YEAR OF ENTRY!!Foreign born"
"S0201_0131E","Estimate!!PLACE OF BIRTH, CITIZENSHIP STATUS AND YEAR OF ENTRY!!Foreign born!!Male"
"S0201_0131M","Margin of Error!!PLACE OF BIRTH, CITIZENSHIP STATUS AND YEAR OF ENTRY!!Foreign born!!Male"
"S0201_0132E","Estimate!!PLACE OF BIRTH, CITIZENSHIP STATUS AND YEAR OF ENTRY!!Foreign born!!Female"
"S0201_0132M","Margin of Error!!PLACE OF BIRTH, CITIZENSHIP STATUS AND YEAR OF ENTRY!!Foreign born!!Female"
"S0201_0133E","Estimate!!PLACE OF BIRTH, CITIZENSHIP STATUS AND YEAR OF ENTRY!!Foreign born; naturalized U.S. citizen"
"S0201_0133M","Margin of Error!!PLACE OF BIRTH, CITIZENSHIP STATUS AND YEAR OF ENTRY!!Foreign born; naturalized U.S. citizen"
"S0201_0134E","Estimate!!PLACE OF BIRTH, CITIZENSHIP STATUS AND YEAR OF ENTRY!!Foreign born; naturalized U.S. citizen!!Male"
"S0201_0134M","Margin of Error!!PLACE OF BIRTH, CITIZENSHIP STATUS AND YEAR OF ENTRY!!Foreign born; naturalized U.S. citizen!!Male"
"S0201_0135E","Estimate!!PLACE OF BIRTH, CITIZENSHIP STATUS AND YEAR OF ENTRY!!Foreign born; naturalized U.S. citizen!!Female"
"S0201_0135M","Margin of Error!!PLACE OF BIRTH, CITIZENSHIP STATUS AND YEAR OF ENTRY!!Foreign born; naturalized U.S. citizen!!Female"
"S0201_0136E","Estimate!!PLACE OF BIRTH, CITIZENSHIP STATUS AND YEAR OF ENTRY!!Foreign born; not a U.S. citizen"
"S0201_0136M","Margin of Error!!PLACE OF BIRTH, CITIZENSHIP STATUS AND YEAR OF ENTRY!!Foreign born; not a U.S. citizen"
"S0201_0137E","Estimate!!PLACE OF BIRTH, CITIZENSHIP STATUS AND YEAR OF ENTRY!!Foreign born; not a U.S. citizen!!Male"
"S0201_0137M","Margin of Error!!PLACE OF BIRTH, CITIZENSHIP STATUS AND YEAR OF ENTRY!!Foreign born; not a U.S. citizen!!Male"
"S0201_0138E","Estimate!!PLACE OF BIRTH, CITIZENSHIP STATUS AND YEAR OF ENTRY!!Foreign born; not a U.S. citizen!!Female"
"S0201_0138M","Margin of Error!!PLACE OF BIRTH, CITIZENSHIP STATUS AND YEAR OF ENTRY!!Foreign born; not a U.S. citizen!!Female"
"S0201_0139E","Estimate!!PLACE OF BIRTH, CITIZENSHIP STATUS AND YEAR OF ENTRY!!Population born outside the United States"
"S0201_0139M","Margin of Error!!PLACE OF BIRTH, CITIZENSHIP STATUS AND YEAR OF ENTRY!!Population born outside the United States"
"S0201_0140E","Estimate!!PLACE OF BIRTH, CITIZENSHIP STATUS AND YEAR OF ENTRY!!Population born outside the United States!!Entered 2010 or later"
"S0201_0140M","Margin of Error!!PLACE OF BIRTH, CITIZENSHIP STATUS AND YEAR OF ENTRY!!Population born outside the United States!!Entered 2010 or later"
"S0201_0141E","Estimate!!PLACE OF BIRTH, CITIZENSHIP STATUS AND YEAR OF ENTRY!!Population born outside the United States!!Entered 2000 to 2009"
"S0201_0141M","Margin of Error!!PLACE OF BIRTH, CITIZENSHIP STATUS AND YEAR OF ENTRY!!Population born outside the United States!!Entered 2000 to 2009"
"S0201_0142E","Estimate!!PLACE OF BIRTH, CITIZENSHIP STATUS AND YEAR OF ENTRY!!Population born outside the United States!!Entered before 2000"
"S0201_0142M","Margin of Error!!PLACE OF BIRTH, CITIZENSHIP STATUS AND YEAR OF ENTRY!!Population born outside the United States!!Entered before 2000"
"S0201_0143E","Estimate!!WORLD REGION OF BIRTH OF FOREIGN BORN!!Foreign-born population excluding population born at sea"
"S0201_0143M","Margin of Error!!WORLD REGION OF BIRTH OF FOREIGN BORN!!Foreign-born population excluding population born at sea"
"S0201_0144E","Estimate!!WORLD REGION OF BIRTH OF FOREIGN BORN!!Foreign-born population excluding population born at sea!!Europe"
"S0201_0144M","Margin of Error!!WORLD REGION OF BIRTH OF FOREIGN BORN!!Foreign-born population excluding population born at sea!!Europe"
"S0201_0145E","Estimate!!WORLD REGION OF BIRTH OF FOREIGN BORN!!Foreign-born population excluding population born at sea!!Asia"
"S0201_0145M","Margin of Error!!WORLD REGION OF BIRTH OF FOREIGN BORN!!Foreign-born population excluding population born at sea!!Asia"
"S0201_0146E","Estimate!!WORLD REGION OF BIRTH OF FOREIGN BORN!!Foreign-born population excluding population born at sea!!Africa"
"S0201_0146M","Margin of Error!!WORLD REGION OF BIRTH OF FOREIGN BORN!!Foreign-born population excluding population born at sea!!Africa"
"S0201_0147E","Estimate!!WORLD REGION OF BIRTH OF FOREIGN BORN!!Foreign-born population excluding population born at sea!!Oceania"
"S0201_0147M","Margin of Error!!WORLD REGION OF BIRTH OF FOREIGN BORN!!Foreign-born population excluding population born at sea!!Oceania"
"S0201_0148E","Estimate!!WORLD REGION OF BIRTH OF FOREIGN BORN!!Foreign-born population excluding population born at sea!!Latin America"
"S0201_0148M","Margin of Error!!WORLD REGION OF BIRTH OF FOREIGN BORN!!Foreign-born population excluding population born at sea!!Latin America"
"S0201_0149E","Estimate!!WORLD REGION OF BIRTH OF FOREIGN BORN!!Foreign-born population excluding population born at sea!!Northern America"
"S0201_0149M","Margin of Error!!WORLD REGION OF BIRTH OF FOREIGN BORN!!Foreign-born population excluding population born at sea!!Northern America"
"S0201_0150E","Estimate!!LANGUAGE SPOKEN AT HOME AND ABILITY TO SPEAK ENGLISH!!Population 5 years and over"
"S0201_0150M","Margin of Error!!LANGUAGE SPOKEN AT HOME AND ABILITY TO SPEAK ENGLISH!!Population 5 years and over"
"S0201_0151E","Estimate!!LANGUAGE SPOKEN AT HOME AND ABILITY TO SPEAK ENGLISH!!Population 5 years and over!!English only"
"S0201_0151M","Margin of Error!!LANGUAGE SPOKEN AT HOME AND ABILITY TO SPEAK ENGLISH!!Population 5 years and over!!English only"
"S0201_0152E","Estimate!!LANGUAGE SPOKEN AT HOME AND ABILITY TO SPEAK ENGLISH!!Population 5 years and over!!Language other than English"
"S0201_0152M","Margin of Error!!LANGUAGE SPOKEN AT HOME AND ABILITY TO SPEAK ENGLISH!!Population 5 years and over!!Language other than English"
"S0201_0153E","Estimate!!LANGUAGE SPOKEN AT HOME AND ABILITY TO SPEAK ENGLISH!!Population 5 years and over!!Language other than English!!Speak English less than "very well""
"S0201_0153M","Margin of Error!!LANGUAGE SPOKEN AT HOME AND ABILITY TO SPEAK ENGLISH!!Population 5 years and over!!Language other than English!!Speak English less than "very well""
"S0201_0154E","Estimate!!EMPLOYMENT STATUS!!Population 16 years and over"
"S0201_0154M","Margin of Error!!EMPLOYMENT STATUS!!Population 16 years and over"
"S0201_0155E","Estimate!!EMPLOYMENT STATUS!!Population 16 years and over!!In labor force"
"S0201_0155M","Margin of Error!!EMPLOYMENT STATUS!!Population 16 years and over!!In labor force"
"S0201_0156E","Estimate!!EMPLOYMENT STATUS!!Population 16 years and over!!In labor force!!Civilian labor force"
"S0201_0156M","Margin of Error!!EMPLOYMENT STATUS!!Population 16 years and over!!In labor force!!Civilian labor force"
"S0201_0157E","Estimate!!EMPLOYMENT STATUS!!Population 16 years and over!!In labor force!!Civilian labor force!!Employed"
"S0201_0157M","Margin of Error!!EMPLOYMENT STATUS!!Population 16 years and over!!In labor force!!Civilian labor force!!Employed"
"S0201_0158E","Estimate!!EMPLOYMENT STATUS!!Population 16 years and over!!In labor force!!Civilian labor force!!Unemployed"
"S0201_0158M","Margin of Error!!EMPLOYMENT STATUS!!Population 16 years and over!!In labor force!!Civilian labor force!!Unemployed"
"S0201_0159E","Estimate!!EMPLOYMENT STATUS!!Population 16 years and over!!In labor force!!Civilian labor force!!Unemployed!!Unemployment Rate"
"S0201_0159M","Margin of Error!!EMPLOYMENT STATUS!!Population 16 years and over!!In labor force!!Civilian labor force!!Unemployed!!Unemployment Rate"
"S0201_0160E","Estimate!!EMPLOYMENT STATUS!!Population 16 years and over!!In labor force!!Armed Forces"
"S0201_0160M","Margin of Error!!EMPLOYMENT STATUS!!Population 16 years and over!!In labor force!!Armed Forces"
"S0201_0161E","Estimate!!EMPLOYMENT STATUS!!Population 16 years and over!!Not in labor force"
"S0201_0161M","Margin of Error!!EMPLOYMENT STATUS!!Population 16 years and over!!Not in labor force"
"S0201_0162E","Estimate!!EMPLOYMENT STATUS!!Females 16 years and over"
"S0201_0162M","Margin of Error!!EMPLOYMENT STATUS!!Females 16 years and over"
"S0201_0163E","Estimate!!EMPLOYMENT STATUS!!Females 16 years and over!!In labor force"
"S0201_0163M","Margin of Error!!EMPLOYMENT STATUS!!Females 16 years and over!!In labor force"
"S0201_0164E","Estimate!!EMPLOYMENT STATUS!!Females 16 years and over!!In labor force!!Civilian labor force"
"S0201_0164M","Margin of Error!!EMPLOYMENT STATUS!!Females 16 years and over!!In labor force!!Civilian labor force"
"S0201_0165E","Estimate!!EMPLOYMENT STATUS!!Females 16 years and over!!In labor force!!Civilian labor force!!Employed"
"S0201_0165M","Margin of Error!!EMPLOYMENT STATUS!!Females 16 years and over!!In labor force!!Civilian labor force!!Employed"
"S0201_0166E","Estimate!!EMPLOYMENT STATUS!!Females 16 years and over!!In labor force!!Civilian labor force!!Unemployed"
"S0201_0166M","Margin of Error!!EMPLOYMENT STATUS!!Females 16 years and over!!In labor force!!Civilian labor force!!Unemployed"
"S0201_0167E","Estimate!!EMPLOYMENT STATUS!!Females 16 years and over!!In labor force!!Civilian labor force!!Unemployed!!Unemployment Rate"
"S0201_0167M","Margin of Error!!EMPLOYMENT STATUS!!Females 16 years and over!!In labor force!!Civilian labor force!!Unemployed!!Unemployment Rate"
"S0201_0168E","Estimate!!COMMUTING TO WORK!!Workers 16 years and over"
"S0201_0168M","Margin of Error!!COMMUTING TO WORK!!Workers 16 years and over"
"S0201_0169E","Estimate!!COMMUTING TO WORK!!Workers 16 years and over!!Car, truck, or van - drove alone"
"S0201_0169M","Margin of Error!!COMMUTING TO WORK!!Workers 16 years and over!!Car, truck, or van - drove alone"
"S0201_0170E","Estimate!!COMMUTING TO WORK!!Workers 16 years and over!!Car, truck, or van - carpooled"
"S0201_0170M","Margin of Error!!COMMUTING TO WORK!!Workers 16 years and over!!Car, truck, or van - carpooled"
"S0201_0171E","Estimate!!COMMUTING TO WORK!!Workers 16 years and over!!Public transportation (excluding taxicab)"
"S0201_0171M","Margin of Error!!COMMUTING TO WORK!!Workers 16 years and over!!Public transportation (excluding taxicab)"
"S0201_0172E","Estimate!!COMMUTING TO WORK!!Workers 16 years and over!!Walked"
"S0201_0172M","Margin of Error!!COMMUTING TO WORK!!Workers 16 years and over!!Walked"
"S0201_0173E","Estimate!!COMMUTING TO WORK!!Workers 16 years and over!!Other means"
"S0201_0173M","Margin of Error!!COMMUTING TO WORK!!Workers 16 years and over!!Other means"
"S0201_0174E","Estimate!!COMMUTING TO WORK!!Workers 16 years and over!!Worked at home"
"S0201_0174M","Margin of Error!!COMMUTING TO WORK!!Workers 16 years and over!!Worked at home"
"S0201_0175E","Estimate!!COMMUTING TO WORK!!Workers 16 years and over!!Mean travel time to work (minutes)"
"S0201_0175M","Margin of Error!!COMMUTING TO WORK!!Workers 16 years and over!!Mean travel time to work (minutes)"
"S0201_0176E","Estimate!!OCCUPATION!!Civilian employed population 16 years and over"
"S0201_0176M","Margin of Error!!OCCUPATION!!Civilian employed population 16 years and over"
"S0201_0177E","Estimate!!OCCUPATION!!Civilian employed population 16 years and over!!Management, business, science, and arts occupations"
"S0201_0177M","Margin of Error!!OCCUPATION!!Civilian employed population 16 years and over!!Management, business, science, and arts occupations"
"S0201_0178E","Estimate!!OCCUPATION!!Civilian employed population 16 years and over!!Service occupations"
"S0201_0178M","Margin of Error!!OCCUPATION!!Civilian employed population 16 years and over!!Service occupations"
"S0201_0179E","Estimate!!OCCUPATION!!Civilian employed population 16 years and over!!Sales and office occupations"
"S0201_0179M","Margin of Error!!OCCUPATION!!Civilian employed population 16 years and over!!Sales and office occupations"
"S0201_0180E","Estimate!!OCCUPATION!!Civilian employed population 16 years and over!!Natural resources, construction, and maintenance occupations"
"S0201_0180M","Margin of Error!!OCCUPATION!!Civilian employed population 16 years and over!!Natural resources, construction, and maintenance occupations"
"S0201_0181E","Estimate!!OCCUPATION!!Civilian employed population 16 years and over!!Production, transportation, and material moving occupations"
"S0201_0181M","Margin of Error!!OCCUPATION!!Civilian employed population 16 years and over!!Production, transportation, and material moving occupations"
"S0201_0182E","Estimate!!OCCUPATION!!Male civilian employed population 16 years and over"
"S0201_0182M","Margin of Error!!OCCUPATION!!Male civilian employed population 16 years and over"
"S0201_0183E","Estimate!!OCCUPATION!!Male civilian employed population 16 years and over!!Management, business, science, and arts occupations"
"S0201_0183M","Margin of Error!!OCCUPATION!!Male civilian employed population 16 years and over!!Management, business, science, and arts occupations"
"S0201_0184E","Estimate!!OCCUPATION!!Male civilian employed population 16 years and over!!Service occupations"
"S0201_0184M","Margin of Error!!OCCUPATION!!Male civilian employed population 16 years and over!!Service occupations"
"S0201_0185E","Estimate!!OCCUPATION!!Male civilian employed population 16 years and over!!Sales and office occupations"
"S0201_0185M","Margin of Error!!OCCUPATION!!Male civilian employed population 16 years and over!!Sales and office occupations"
"S0201_0186E","Estimate!!OCCUPATION!!Male civilian employed population 16 years and over!!Natural resources, construction, and maintenance occupations"
"S0201_0186M","Margin of Error!!OCCUPATION!!Male civilian employed population 16 years and over!!Natural resources, construction, and maintenance occupations"
"S0201_0187E","Estimate!!OCCUPATION!!Male civilian employed population 16 years and over!!Production, transportation, and material moving occupations"
"S0201_0187M","Margin of Error!!OCCUPATION!!Male civilian employed population 16 years and over!!Production, transportation, and material moving occupations"
"S0201_0188E","Estimate!!OCCUPATION!!Female civilian employed population 16 years and over"
"S0201_0188M","Margin of Error!!OCCUPATION!!Female civilian employed population 16 years and over"
"S0201_0189E","Estimate!!OCCUPATION!!Female civilian employed population 16 years and over!!Management, business, science, and arts occupations"
"S0201_0189M","Margin of Error!!OCCUPATION!!Female civilian employed population 16 years and over!!Management, business, science, and arts occupations"
"S0201_0190E","Estimate!!OCCUPATION!!Female civilian employed population 16 years and over!!Service occupations"
"S0201_0190M","Margin of Error!!OCCUPATION!!Female civilian employed population 16 years and over!!Service occupations"
"S0201_0191E","Estimate!!OCCUPATION!!Female civilian employed population 16 years and over!!Sales and office occupations"
"S0201_0191M","Margin of Error!!OCCUPATION!!Female civilian employed population 16 years and over!!Sales and office occupations"
"S0201_0192E","Estimate!!OCCUPATION!!Female civilian employed population 16 years and over!!Natural resources, construction, and maintenance occupations"
"S0201_0192M","Margin of Error!!OCCUPATION!!Female civilian employed population 16 years and over!!Natural resources, construction, and maintenance occupations"
"S0201_0193E","Estimate!!OCCUPATION!!Female civilian employed population 16 years and over!!Production, transportation, and material moving occupations"
"S0201_0193M","Margin of Error!!OCCUPATION!!Female civilian employed population 16 years and over!!Production, transportation, and material moving occupations"
"S0201_0194E","Estimate!!INDUSTRY!!Civilian employed population 16 years and over"
"S0201_0194M","Margin of Error!!INDUSTRY!!Civilian employed population 16 years and over"
"S0201_0195E","Estimate!!INDUSTRY!!Civilian employed population 16 years and over!!Agriculture, forestry, fishing and hunting, and mining"
"S0201_0195M","Margin of Error!!INDUSTRY!!Civilian employed population 16 years and over!!Agriculture, forestry, fishing and hunting, and mining"
"S0201_0196E","Estimate!!INDUSTRY!!Civilian employed population 16 years and over!!Construction"
"S0201_0196M","Margin of Error!!INDUSTRY!!Civilian employed population 16 years and over!!Construction"
"S0201_0197E","Estimate!!INDUSTRY!!Civilian employed population 16 years and over!!Manufacturing"
"S0201_0197M","Margin of Error!!INDUSTRY!!Civilian employed population 16 years and over!!Manufacturing"
"S0201_0198E","Estimate!!INDUSTRY!!Civilian employed population 16 years and over!!Wholesale trade"
"S0201_0198M","Margin of Error!!INDUSTRY!!Civilian employed population 16 years and over!!Wholesale trade"
"S0201_0199E","Estimate!!INDUSTRY!!Civilian employed population 16 years and over!!Retail trade"
"S0201_0199M","Margin of Error!!INDUSTRY!!Civilian employed population 16 years and over!!Retail trade"
"S0201_0200E","Estimate!!INDUSTRY!!Civilian employed population 16 years and over!!Transportation and warehousing, and utilities"
"S0201_0200M","Margin of Error!!INDUSTRY!!Civilian employed population 16 years and over!!Transportation and warehousing, and utilities"
"S0201_0201E","Estimate!!INDUSTRY!!Civilian employed population 16 years and over!!Information"
"S0201_0201M","Margin of Error!!INDUSTRY!!Civilian employed population 16 years and over!!Information"
"S0201_0202E","Estimate!!INDUSTRY!!Civilian employed population 16 years and over!!Finance and insurance, and real estate and rental and leasing"
"S0201_0202M","Margin of Error!!INDUSTRY!!Civilian employed population 16 years and over!!Finance and insurance, and real estate and rental and leasing"
"S0201_0203E","Estimate!!INDUSTRY!!Civilian employed population 16 years and over!!Professional, scientific, and management, and administrative and waste management services"
"S0201_0203M","Margin of Error!!INDUSTRY!!Civilian employed population 16 years and over!!Professional, scientific, and management, and administrative and waste management services"
"S0201_0204E","Estimate!!INDUSTRY!!Civilian employed population 16 years and over!!Educational services, and health care and social assistance"
"S0201_0204M","Margin of Error!!INDUSTRY!!Civilian employed population 16 years and over!!Educational services, and health care and social assistance"
"S0201_0205E","Estimate!!INDUSTRY!!Civilian employed population 16 years and over!!Arts, entertainment, and recreation, and accommodation and food services"
"S0201_0205M","Margin of Error!!INDUSTRY!!Civilian employed population 16 years and over!!Arts, entertainment, and recreation, and accommodation and food services"
"S0201_0206E","Estimate!!INDUSTRY!!Civilian employed population 16 years and over!!Other services (except public administration)"
"S0201_0206M","Margin of Error!!INDUSTRY!!Civilian employed population 16 years and over!!Other services (except public administration)"
"S0201_0207E","Estimate!!INDUSTRY!!Civilian employed population 16 years and over!!Public administration"
"S0201_0207M","Margin of Error!!INDUSTRY!!Civilian employed population 16 years and over!!Public administration"
"S0201_0208E","Estimate!!CLASS OF WORKER!!Civilian employed population 16 years and over"
"S0201_0208M","Margin of Error!!CLASS OF WORKER!!Civilian employed population 16 years and over"
"S0201_0209E","Estimate!!CLASS OF WORKER!!Civilian employed population 16 years and over!!Private wage and salary workers"
"S0201_0209M","Margin of Error!!CLASS OF WORKER!!Civilian employed population 16 years and over!!Private wage and salary workers"
"S0201_0210E","Estimate!!CLASS OF WORKER!!Civilian employed population 16 years and over!!Government workers"
"S0201_0210M","Margin of Error!!CLASS OF WORKER!!Civilian employed population 16 years and over!!Government workers"
"S0201_0211E","Estimate!!CLASS OF WORKER!!Civilian employed population 16 years and over!!Self-employed workers in own not incorporated business"
"S0201_0211M","Margin of Error!!CLASS OF WORKER!!Civilian employed population 16 years and over!!Self-employed workers in own not incorporated business"
"S0201_0212E","Estimate!!CLASS OF WORKER!!Civilian employed population 16 years and over!!Unpaid family workers"
"S0201_0212M","Margin of Error!!CLASS OF WORKER!!Civilian employed population 16 years and over!!Unpaid family workers"
"S0201_0213E","Estimate!!INCOME IN THE PAST 12 MONTHS (IN 2016 INFLATION-ADJUSTED DOLLARS)!!Households"
"S0201_0213M","Margin of Error!!INCOME IN THE PAST 12 MONTHS (IN 2016 INFLATION-ADJUSTED DOLLARS)!!Households"
"S0201_0214E","Estimate!!INCOME IN THE PAST 12 MONTHS (IN 2016 INFLATION-ADJUSTED DOLLARS)!!Households!!Median household income (dollars)"
"S0201_0214M","Margin of Error!!INCOME IN THE PAST 12 MONTHS (IN 2016 INFLATION-ADJUSTED DOLLARS)!!Households!!Median household income (dollars)"
"S0201_0215E","Estimate!!INCOME IN THE PAST 12 MONTHS (IN 2016 INFLATION-ADJUSTED DOLLARS)!!With earnings"
"S0201_0215M","Margin of Error!!INCOME IN THE PAST 12 MONTHS (IN 2016 INFLATION-ADJUSTED DOLLARS)!!With earnings"
"S0201_0216E","Estimate!!INCOME IN THE PAST 12 MONTHS (IN 2016 INFLATION-ADJUSTED DOLLARS)!!With earnings!!Mean earnings (dollars)"
"S0201_0216M","Margin of Error!!INCOME IN THE PAST 12 MONTHS (IN 2016 INFLATION-ADJUSTED DOLLARS)!!With earnings!!Mean earnings (dollars)"
"S0201_0217E","Estimate!!INCOME IN THE PAST 12 MONTHS (IN 2016 INFLATION-ADJUSTED DOLLARS)!!With Social Security income"
"S0201_0217M","Margin of Error!!INCOME IN THE PAST 12 MONTHS (IN 2016 INFLATION-ADJUSTED DOLLARS)!!With Social Security income"
"S0201_0218E","Estimate!!INCOME IN THE PAST 12 MONTHS (IN 2016 INFLATION-ADJUSTED DOLLARS)!!With Social Security income!!Mean Social Security income (dollars)"
"S0201_0218M","Margin of Error!!INCOME IN THE PAST 12 MONTHS (IN 2016 INFLATION-ADJUSTED DOLLARS)!!With Social Security income!!Mean Social Security income (dollars)"
"S0201_0219E","Estimate!!INCOME IN THE PAST 12 MONTHS (IN 2016 INFLATION-ADJUSTED DOLLARS)!!With Supplemental Security Income"
"S0201_0219M","Margin of Error!!INCOME IN THE PAST 12 MONTHS (IN 2016 INFLATION-ADJUSTED DOLLARS)!!With Supplemental Security Income"
"S0201_0220E","Estimate!!INCOME IN THE PAST 12 MONTHS (IN 2016 INFLATION-ADJUSTED DOLLARS)!!With Supplemental Security Income!!Mean Supplemental Security Income (dollars)"
"S0201_0220M","Margin of Error!!INCOME IN THE PAST 12 MONTHS (IN 2016 INFLATION-ADJUSTED DOLLARS)!!With Supplemental Security Income!!Mean Supplemental Security Income (dollars)"
"S0201_0221E","Estimate!!INCOME IN THE PAST 12 MONTHS (IN 2016 INFLATION-ADJUSTED DOLLARS)!!With cash public assistance income"
"S0201_0221M","Margin of Error!!INCOME IN THE PAST 12 MONTHS (IN 2016 INFLATION-ADJUSTED DOLLARS)!!With cash public assistance income"
"S0201_0222E","Estimate!!INCOME IN THE PAST 12 MONTHS (IN 2016 INFLATION-ADJUSTED DOLLARS)!!With cash public assistance income!!Mean cash public assistance income (dollars)"
"S0201_0222M","Margin of Error!!INCOME IN THE PAST 12 MONTHS (IN 2016 INFLATION-ADJUSTED DOLLARS)!!With cash public assistance income!!Mean cash public assistance income (dollars)"
"S0201_0223E","Estimate!!INCOME IN THE PAST 12 MONTHS (IN 2016 INFLATION-ADJUSTED DOLLARS)!!With retirement income"
"S0201_0223M","Margin of Error!!INCOME IN THE PAST 12 MONTHS (IN 2016 INFLATION-ADJUSTED DOLLARS)!!With retirement income"
"S0201_0224E","Estimate!!INCOME IN THE PAST 12 MONTHS (IN 2016 INFLATION-ADJUSTED DOLLARS)!!With retirement income!!Mean retirement income (dollars)"
"S0201_0224M","Margin of Error!!INCOME IN THE PAST 12 MONTHS (IN 2016 INFLATION-ADJUSTED DOLLARS)!!With retirement income!!Mean retirement income (dollars)"
"S0201_0225E","Estimate!!INCOME IN THE PAST 12 MONTHS (IN 2016 INFLATION-ADJUSTED DOLLARS)!!With Food Stamp/SNAP benefits"
"S0201_0225M","Margin of Error!!INCOME IN THE PAST 12 MONTHS (IN 2016 INFLATION-ADJUSTED DOLLARS)!!With Food Stamp/SNAP benefits"
"S0201_0226E","Estimate!!INCOME IN THE PAST 12 MONTHS (IN 2016 INFLATION-ADJUSTED DOLLARS)!!Families"
"S0201_0226M","Margin of Error!!INCOME IN THE PAST 12 MONTHS (IN 2016 INFLATION-ADJUSTED DOLLARS)!!Families"
"S0201_0227E","Estimate!!INCOME IN THE PAST 12 MONTHS (IN 2016 INFLATION-ADJUSTED DOLLARS)!!Families!!Median family income (dollars)"
"S0201_0227M","Margin of Error!!INCOME IN THE PAST 12 MONTHS (IN 2016 INFLATION-ADJUSTED DOLLARS)!!Families!!Median family income (dollars)"
"S0201_0228E","Estimate!!INCOME IN THE PAST 12 MONTHS (IN 2016 INFLATION-ADJUSTED DOLLARS)!!Families!!Median family income (dollars)!!Married-couple family"
"S0201_0228M","Margin of Error!!INCOME IN THE PAST 12 MONTHS (IN 2016 INFLATION-ADJUSTED DOLLARS)!!Families!!Median family income (dollars)!!Married-couple family"
"S0201_0229E","Estimate!!INCOME IN THE PAST 12 MONTHS (IN 2016 INFLATION-ADJUSTED DOLLARS)!!Families!!Median income (dollars)"
"S0201_0229M","Margin of Error!!INCOME IN THE PAST 12 MONTHS (IN 2016 INFLATION-ADJUSTED DOLLARS)!!Families!!Median income (dollars)"
"S0201_0230E","Estimate!!INCOME IN THE PAST 12 MONTHS (IN 2016 INFLATION-ADJUSTED DOLLARS)!!Families!!Median income (dollars)!!Male householder, no spouse present, family"
"S0201_0230M","Margin of Error!!INCOME IN THE PAST 12 MONTHS (IN 2016 INFLATION-ADJUSTED DOLLARS)!!Families!!Median income (dollars)!!Male householder, no spouse present, family"
"S0201_0231E","Estimate!!INCOME IN THE PAST 12 MONTHS (IN 2016 INFLATION-ADJUSTED DOLLARS)!!Families!!Median income (dollars)"
"S0201_0231M","Margin of Error!!INCOME IN THE PAST 12 MONTHS (IN 2016 INFLATION-ADJUSTED DOLLARS)!!Families!!Median income (dollars)"
"S0201_0232E","Estimate!!INCOME IN THE PAST 12 MONTHS (IN 2016 INFLATION-ADJUSTED DOLLARS)!!Families!!Median income (dollars)!!Female householder, no husband present, family"
"S0201_0232M","Margin of Error!!INCOME IN THE PAST 12 MONTHS (IN 2016 INFLATION-ADJUSTED DOLLARS)!!Families!!Median income (dollars)!!Female householder, no husband present, family"
"S0201_0233E","Estimate!!INCOME IN THE PAST 12 MONTHS (IN 2016 INFLATION-ADJUSTED DOLLARS)!!Families!!Median income (dollars)"
"S0201_0233M","Margin of Error!!INCOME IN THE PAST 12 MONTHS (IN 2016 INFLATION-ADJUSTED DOLLARS)!!Families!!Median income (dollars)"
"S0201_0234E","Estimate!!INCOME IN THE PAST 12 MONTHS (IN 2016 INFLATION-ADJUSTED DOLLARS)!!Individuals"
"S0201_0234M","Margin of Error!!INCOME IN THE PAST 12 MONTHS (IN 2016 INFLATION-ADJUSTED DOLLARS)!!Individuals"
"S0201_0235E","Estimate!!INCOME IN THE PAST 12 MONTHS (IN 2016 INFLATION-ADJUSTED DOLLARS)!!Individuals!!Per capita income (dollars)"
"S0201_0235M","Margin of Error!!INCOME IN THE PAST 12 MONTHS (IN 2016 INFLATION-ADJUSTED DOLLARS)!!Individuals!!Per capita income (dollars)"
"S0201_0236E","Estimate!!INCOME IN THE PAST 12 MONTHS (IN 2016 INFLATION-ADJUSTED DOLLARS)!!With earnings for full-time, year-round workers!!Male"
"S0201_0236M","Margin of Error!!INCOME IN THE PAST 12 MONTHS (IN 2016 INFLATION-ADJUSTED DOLLARS)!!With earnings for full-time, year-round workers!!Male"
"S0201_0237E","Estimate!!INCOME IN THE PAST 12 MONTHS (IN 2016 INFLATION-ADJUSTED DOLLARS)!!With earnings for full-time, year-round workers!!Female"
"S0201_0237M","Margin of Error!!INCOME IN THE PAST 12 MONTHS (IN 2016 INFLATION-ADJUSTED DOLLARS)!!With earnings for full-time, year-round workers!!Female"
"S0201_0238E","Estimate!!INCOME IN THE PAST 12 MONTHS (IN 2016 INFLATION-ADJUSTED DOLLARS)!!Mean earnings (dollars) for full-time, year-round workers!!Male"
"S0201_0238M","Margin of Error!!INCOME IN THE PAST 12 MONTHS (IN 2016 INFLATION-ADJUSTED DOLLARS)!!Mean earnings (dollars) for full-time, year-round workers!!Male"
"S0201_0239E","Estimate!!INCOME IN THE PAST 12 MONTHS (IN 2016 INFLATION-ADJUSTED DOLLARS)!!Mean earnings (dollars) for full-time, year-round workers!!Female"
"S0201_0239M","Margin of Error!!INCOME IN THE PAST 12 MONTHS (IN 2016 INFLATION-ADJUSTED DOLLARS)!!Mean earnings (dollars) for full-time, year-round workers!!Female"
"S0201_0240E","Estimate!!INCOME IN THE PAST 12 MONTHS (IN 2016 INFLATION-ADJUSTED DOLLARS)!!Median earnings (dollars) full-time, year-round workers!!Male"
"S0201_0240M","Margin of Error!!INCOME IN THE PAST 12 MONTHS (IN 2016 INFLATION-ADJUSTED DOLLARS)!!Median earnings (dollars) full-time, year-round workers!!Male"
"S0201_0241E","Estimate!!INCOME IN THE PAST 12 MONTHS (IN 2016 INFLATION-ADJUSTED DOLLARS)!!Median earnings (dollars) full-time, year-round workers!!Female"
"S0201_0241M","Margin of Error!!INCOME IN THE PAST 12 MONTHS (IN 2016 INFLATION-ADJUSTED DOLLARS)!!Median earnings (dollars) full-time, year-round workers!!Female"
"S0201_0242E","Estimate!!HEALTH INSURANCE COVERAGE!!Civilian noninstitutionalized population"
"S0201_0242M","Margin of Error!!HEALTH INSURANCE COVERAGE!!Civilian noninstitutionalized population"
"S0201_0243E","Estimate!!HEALTH INSURANCE COVERAGE!!Civilian noninstitutionalized population!!With private health insurance"
"S0201_0243M","Margin of Error!!HEALTH INSURANCE COVERAGE!!Civilian noninstitutionalized population!!With private health insurance"
"S0201_0244E","Estimate!!HEALTH INSURANCE COVERAGE!!Civilian noninstitutionalized population!!With public coverage"
"S0201_0244M","Margin of Error!!HEALTH INSURANCE COVERAGE!!Civilian noninstitutionalized population!!With public coverage"
"S0201_0245E","Estimate!!HEALTH INSURANCE COVERAGE!!Civilian noninstitutionalized population!!No health insurance coverage"
"S0201_0245M","Margin of Error!!HEALTH INSURANCE COVERAGE!!Civilian noninstitutionalized population!!No health insurance coverage"
"S0201_0246E","Estimate!!POVERTY RATES FOR FAMILIES AND PEOPLE FOR WHOM POVERTY STATUS IS DETERMINED!!All families"
"S0201_0246M","Margin of Error!!POVERTY RATES FOR FAMILIES AND PEOPLE FOR WHOM POVERTY STATUS IS DETERMINED!!All families"
"S0201_0247E","Estimate!!POVERTY RATES FOR FAMILIES AND PEOPLE FOR WHOM POVERTY STATUS IS DETERMINED!!All families!!With related children of the householder under 18 years"
"S0201_0247M","Margin of Error!!POVERTY RATES FOR FAMILIES AND PEOPLE FOR WHOM POVERTY STATUS IS DETERMINED!!All families!!With related children of the householder under 18 years"
"S0201_0248E","Estimate!!POVERTY RATES FOR FAMILIES AND PEOPLE FOR WHOM POVERTY STATUS IS DETERMINED!!All families!!With related children of the householder under 18 years!!With related children of the householder under 5 years only"
"S0201_0248M","Margin of Error!!POVERTY RATES FOR FAMILIES AND PEOPLE FOR WHOM POVERTY STATUS IS DETERMINED!!All families!!With related children of the householder under 18 years!!With related children of the householder under 5 years only"
"S0201_0249E","Estimate!!POVERTY RATES FOR FAMILIES AND PEOPLE FOR WHOM POVERTY STATUS IS DETERMINED!!All families!!Married-couple family"
"S0201_0249M","Margin of Error!!POVERTY RATES FOR FAMILIES AND PEOPLE FOR WHOM POVERTY STATUS IS DETERMINED!!All families!!Married-couple family"
"S0201_0250E","Estimate!!POVERTY RATES FOR FAMILIES AND PEOPLE FOR WHOM POVERTY STATUS IS DETERMINED!!All families!!Married-couple family!!With related children of the householder under 18 years"
"S0201_0250M","Margin of Error!!POVERTY RATES FOR FAMILIES AND PEOPLE FOR WHOM POVERTY STATUS IS DETERMINED!!All families!!Married-couple family!!With related children of the householder under 18 years"
"S0201_0251E","Estimate!!POVERTY RATES FOR FAMILIES AND PEOPLE FOR WHOM POVERTY STATUS IS DETERMINED!!All families!!Married-couple family!!With related children of the householder under 18 years!!With related children of the householder under 5 years only"
"S0201_0251M","Margin of Error!!POVERTY RATES FOR FAMILIES AND PEOPLE FOR WHOM POVERTY STATUS IS DETERMINED!!All families!!Married-couple family!!With related children of the householder under 18 years!!With related children of the householder under 5 years only"
"S0201_0252E","Estimate!!POVERTY RATES FOR FAMILIES AND PEOPLE FOR WHOM POVERTY STATUS IS DETERMINED!!All families!!Female householder, no husband present, family"
"S0201_0252M","Margin of Error!!POVERTY RATES FOR FAMILIES AND PEOPLE FOR WHOM POVERTY STATUS IS DETERMINED!!All families!!Female householder, no husband present, family"
"S0201_0253E","Estimate!!POVERTY RATES FOR FAMILIES AND PEOPLE FOR WHOM POVERTY STATUS IS DETERMINED!!All families!!Female householder, no husband present, family!!With related children of the householder under 18 years"
"S0201_0253M","Margin of Error!!POVERTY RATES FOR FAMILIES AND PEOPLE FOR WHOM POVERTY STATUS IS DETERMINED!!All families!!Female householder, no husband present, family!!With related children of the householder under 18 years"
"S0201_0254E","Estimate!!POVERTY RATES FOR FAMILIES AND PEOPLE FOR WHOM POVERTY STATUS IS DETERMINED!!All families!!Female householder, no husband present, family!!With related children of the householder under 18 years!!With related children of the householder under 5 years only"
"S0201_0254M","Margin of Error!!POVERTY RATES FOR FAMILIES AND PEOPLE FOR WHOM POVERTY STATUS IS DETERMINED!!All families!!Female householder, no husband present, family!!With related children of the householder under 18 years!!With related children of the householder under 5 years only"
"S0201_0255E","Estimate!!POVERTY RATES FOR FAMILIES AND PEOPLE FOR WHOM POVERTY STATUS IS DETERMINED!!All people"
"S0201_0255M","Margin of Error!!POVERTY RATES FOR FAMILIES AND PEOPLE FOR WHOM POVERTY STATUS IS DETERMINED!!All people"
"S0201_0256E","Estimate!!POVERTY RATES FOR FAMILIES AND PEOPLE FOR WHOM POVERTY STATUS IS DETERMINED!!All people!!Under 18 years"
"S0201_0256M","Margin of Error!!POVERTY RATES FOR FAMILIES AND PEOPLE FOR WHOM POVERTY STATUS IS DETERMINED!!All people!!Under 18 years"
"S0201_0257E","Estimate!!POVERTY RATES FOR FAMILIES AND PEOPLE FOR WHOM POVERTY STATUS IS DETERMINED!!All people!!Under 18 years!!Related children of the householder under 18 years"
"S0201_0257M","Margin of Error!!POVERTY RATES FOR FAMILIES AND PEOPLE FOR WHOM POVERTY STATUS IS DETERMINED!!All people!!Under 18 years!!Related children of the householder under 18 years"
"S0201_0258E","Estimate!!POVERTY RATES FOR FAMILIES AND PEOPLE FOR WHOM POVERTY STATUS IS DETERMINED!!All people!!Under 18 years!!Related children of the householder under 18 years!!Related children of the householder under 5 years"
"S0201_0258M","Margin of Error!!POVERTY RATES FOR FAMILIES AND PEOPLE FOR WHOM POVERTY STATUS IS DETERMINED!!All people!!Under 18 years!!Related children of the householder under 18 years!!Related children of the householder under 5 years"
"S0201_0259E","Estimate!!POVERTY RATES FOR FAMILIES AND PEOPLE FOR WHOM POVERTY STATUS IS DETERMINED!!All people!!Under 18 years!!Related children of the householder under 18 years!!Related children of the householder 5 to 17 years"
"S0201_0259M","Margin of Error!!POVERTY RATES FOR FAMILIES AND PEOPLE FOR WHOM POVERTY STATUS IS DETERMINED!!All people!!Under 18 years!!Related children of the householder under 18 years!!Related children of the householder 5 to 17 years"
"S0201_0260E","Estimate!!POVERTY RATES FOR FAMILIES AND PEOPLE FOR WHOM POVERTY STATUS IS DETERMINED!!All people!!18 years and over"
"S0201_0260M","Margin of Error!!POVERTY RATES FOR FAMILIES AND PEOPLE FOR WHOM POVERTY STATUS IS DETERMINED!!All people!!18 years and over"
"S0201_0261E","Estimate!!POVERTY RATES FOR FAMILIES AND PEOPLE FOR WHOM POVERTY STATUS IS DETERMINED!!All people!!18 to 64 years"
"S0201_0261M","Margin of Error!!POVERTY RATES FOR FAMILIES AND PEOPLE FOR WHOM POVERTY STATUS IS DETERMINED!!All people!!18 to 64 years"
"S0201_0262E","Estimate!!POVERTY RATES FOR FAMILIES AND PEOPLE FOR WHOM POVERTY STATUS IS DETERMINED!!All people!!65 years and over"
"S0201_0262M","Margin of Error!!POVERTY RATES FOR FAMILIES AND PEOPLE FOR WHOM POVERTY STATUS IS DETERMINED!!All people!!65 years and over"
"S0201_0263E","Estimate!!POVERTY RATES FOR FAMILIES AND PEOPLE FOR WHOM POVERTY STATUS IS DETERMINED!!All people!!People in families"
"S0201_0263M","Margin of Error!!POVERTY RATES FOR FAMILIES AND PEOPLE FOR WHOM POVERTY STATUS IS DETERMINED!!All people!!People in families"
"S0201_0264E","Estimate!!POVERTY RATES FOR FAMILIES AND PEOPLE FOR WHOM POVERTY STATUS IS DETERMINED!!All people!!Unrelated individuals 15 years and over"
"S0201_0264M","Margin of Error!!POVERTY RATES FOR FAMILIES AND PEOPLE FOR WHOM POVERTY STATUS IS DETERMINED!!All people!!Unrelated individuals 15 years and over"
"S0201_0265E","Estimate!!HOUSING TENURE!!Occupied housing units"
"S0201_0265M","Margin of Error!!HOUSING TENURE!!Occupied housing units"
"S0201_0266E","Estimate!!HOUSING TENURE!!Occupied housing units!!Owner-occupied housing units"
"S0201_0266M","Margin of Error!!HOUSING TENURE!!Occupied housing units!!Owner-occupied housing units"
"S0201_0267E","Estimate!!HOUSING TENURE!!Occupied housing units!!Renter-occupied housing units"
"S0201_0267M","Margin of Error!!HOUSING TENURE!!Occupied housing units!!Renter-occupied housing units"
"S0201_0268E","Estimate!!HOUSING TENURE!!Average household size of owner-occupied unit"
"S0201_0268M","Margin of Error!!HOUSING TENURE!!Average household size of owner-occupied unit"
"S0201_0269E","Estimate!!HOUSING TENURE!!Average household size of renter-occupied unit"
"S0201_0269M","Margin of Error!!HOUSING TENURE!!Average household size of renter-occupied unit"
"S0201_0270E","Estimate!!UNITS IN STRUCTURE!!Occupied housing units"
"S0201_0270M","Margin of Error!!UNITS IN STRUCTURE!!Occupied housing units"
"S0201_0271E","Estimate!!UNITS IN STRUCTURE!!Occupied housing units!!1-unit, detached or attached"
"S0201_0271M","Margin of Error!!UNITS IN STRUCTURE!!Occupied housing units!!1-unit, detached or attached"
"S0201_0272E","Estimate!!UNITS IN STRUCTURE!!Occupied housing units!!2 to 4 units"
"S0201_0272M","Margin of Error!!UNITS IN STRUCTURE!!Occupied housing units!!2 to 4 units"
"S0201_0273E","Estimate!!UNITS IN STRUCTURE!!Occupied housing units!!5 or more units"
"S0201_0273M","Margin of Error!!UNITS IN STRUCTURE!!Occupied housing units!!5 or more units"
"S0201_0274E","Estimate!!UNITS IN STRUCTURE!!Occupied housing units!!Mobile home, boat, RV, van, etc."
"S0201_0274M","Margin of Error!!UNITS IN STRUCTURE!!Occupied housing units!!Mobile home, boat, RV, van, etc."
"S0201_0275E","Estimate!!YEAR STRUCTURE BUILT!!Occupied housing units"
"S0201_0275M","Margin of Error!!YEAR STRUCTURE BUILT!!Occupied housing units"
"S0201_0276E","Estimate!!YEAR STRUCTURE BUILT!!Occupied housing units!!Built 2014 or later"
"S0201_0276M","Margin of Error!!YEAR STRUCTURE BUILT!!Occupied housing units!!Built 2014 or later"
"S0201_0277E","Estimate!!YEAR STRUCTURE BUILT!!Occupied housing units!!Built 2010 to 2013"
"S0201_0277M","Margin of Error!!YEAR STRUCTURE BUILT!!Occupied housing units!!Built 2010 to 2013"
"S0201_0278E","Estimate!!YEAR STRUCTURE BUILT!!Occupied housing units!!Built 2000 to 2009"
"S0201_0278M","Margin of Error!!YEAR STRUCTURE BUILT!!Occupied housing units!!Built 2000 to 2009"
"S0201_0279E","Estimate!!YEAR STRUCTURE BUILT!!Occupied housing units!!Built 1980 to 1999"
"S0201_0279M","Margin of Error!!YEAR STRUCTURE BUILT!!Occupied housing units!!Built 1980 to 1999"
"S0201_0280E","Estimate!!YEAR STRUCTURE BUILT!!Occupied housing units!!Built 1960 to 1979"
"S0201_0280M","Margin of Error!!YEAR STRUCTURE BUILT!!Occupied housing units!!Built 1960 to 1979"
"S0201_0281E","Estimate!!YEAR STRUCTURE BUILT!!Occupied housing units!!Built 1940 to 1959"
"S0201_0281M","Margin of Error!!YEAR STRUCTURE BUILT!!Occupied housing units!!Built 1940 to 1959"
"S0201_0282E","Estimate!!YEAR STRUCTURE BUILT!!Occupied housing units!!Built 1939 or earlier"
"S0201_0282M","Margin of Error!!YEAR STRUCTURE BUILT!!Occupied housing units!!Built 1939 or earlier"
"S0201_0283E","Estimate!!VEHICLES AVAILABLE!!Occupied housing units"
"S0201_0283M","Margin of Error!!VEHICLES AVAILABLE!!Occupied housing units"
"S0201_0284E","Estimate!!VEHICLES AVAILABLE!!Occupied housing units!!None"
"S0201_0284M","Margin of Error!!VEHICLES AVAILABLE!!Occupied housing units!!None"
"S0201_0285E","Estimate!!VEHICLES AVAILABLE!!Occupied housing units!!1 or more"
"S0201_0285M","Margin of Error!!VEHICLES AVAILABLE!!Occupied housing units!!1 or more"
"S0201_0286E","Estimate!!HOUSE HEATING FUEL!!Occupied housing units"
"S0201_0286M","Margin of Error!!HOUSE HEATING FUEL!!Occupied housing units"
"S0201_0287E","Estimate!!HOUSE HEATING FUEL!!Occupied housing units!!Gas"
"S0201_0287M","Margin of Error!!HOUSE HEATING FUEL!!Occupied housing units!!Gas"
"S0201_0288E","Estimate!!HOUSE HEATING FUEL!!Occupied housing units!!Electricity"
"S0201_0288M","Margin of Error!!HOUSE HEATING FUEL!!Occupied housing units!!Electricity"
"S0201_0289E","Estimate!!HOUSE HEATING FUEL!!Occupied housing units!!All other fuels"
"S0201_0289M","Margin of Error!!HOUSE HEATING FUEL!!Occupied housing units!!All other fuels"
"S0201_0290E","Estimate!!HOUSE HEATING FUEL!!Occupied housing units!!No fuel used"
"S0201_0290M","Margin of Error!!HOUSE HEATING FUEL!!Occupied housing units!!No fuel used"
"S0201_0291E","Estimate!!SELECTED CHARACTERISTICS!!Occupied housing units"
"S0201_0291M","Margin of Error!!SELECTED CHARACTERISTICS!!Occupied housing units"
"S0201_0292E","Estimate!!SELECTED CHARACTERISTICS!!Occupied housing units!!No telephone service available"
"S0201_0292M","Margin of Error!!SELECTED CHARACTERISTICS!!Occupied housing units!!No telephone service available"
"S0201_0293E","Estimate!!SELECTED CHARACTERISTICS!!Occupied housing units!!1.01 or more occupants per room"
"S0201_0293M","Margin of Error!!SELECTED CHARACTERISTICS!!Occupied housing units!!1.01 or more occupants per room"
"S0201_0294E","Estimate!!SELECTED MONTHLY OWNER COSTS AS A PERCENTAGE OF HOUSEHOLD INCOME IN THE PAST 12 MONTHS!!Housing units with a mortgage (excluding units where SMOC cannot be computed)"
"S0201_0294M","Margin of Error!!SELECTED MONTHLY OWNER COSTS AS A PERCENTAGE OF HOUSEHOLD INCOME IN THE PAST 12 MONTHS!!Housing units with a mortgage (excluding units where SMOC cannot be computed)"
"S0201_0295E","Estimate!!SELECTED MONTHLY OWNER COSTS AS A PERCENTAGE OF HOUSEHOLD INCOME IN THE PAST 12 MONTHS!!Housing units with a mortgage (excluding units where SMOC cannot be computed)!!Less than 30 percent"
"S0201_0295M","Margin of Error!!SELECTED MONTHLY OWNER COSTS AS A PERCENTAGE OF HOUSEHOLD INCOME IN THE PAST 12 MONTHS!!Housing units with a mortgage (excluding units where SMOC cannot be computed)!!Less than 30 percent"
"S0201_0296E","Estimate!!SELECTED MONTHLY OWNER COSTS AS A PERCENTAGE OF HOUSEHOLD INCOME IN THE PAST 12 MONTHS!!Housing units with a mortgage (excluding units where SMOC cannot be computed)!!30 percent or more"
"S0201_0296M","Margin of Error!!SELECTED MONTHLY OWNER COSTS AS A PERCENTAGE OF HOUSEHOLD INCOME IN THE PAST 12 MONTHS!!Housing units with a mortgage (excluding units where SMOC cannot be computed)!!30 percent or more"
"S0201_0297E","Estimate!!OWNER CHARACTERISTICS!!Owner-occupied housing units"
"S0201_0297M","Margin of Error!!OWNER CHARACTERISTICS!!Owner-occupied housing units"
"S0201_0298E","Estimate!!OWNER CHARACTERISTICS!!Owner-occupied housing units!!Median value (dollars)"
"S0201_0298M","Margin of Error!!OWNER CHARACTERISTICS!!Owner-occupied housing units!!Median value (dollars)"
"S0201_0299E","Estimate!!OWNER CHARACTERISTICS!!Owner-occupied housing units!!Median selected monthly owner costs with a mortgage (dollars)"
"S0201_0299M","Margin of Error!!OWNER CHARACTERISTICS!!Owner-occupied housing units!!Median selected monthly owner costs with a mortgage (dollars)"
"S0201_0300E","Estimate!!OWNER CHARACTERISTICS!!Owner-occupied housing units!!Median selected monthly owner costs without a mortgage (dollars)"
"S0201_0300M","Margin of Error!!OWNER CHARACTERISTICS!!Owner-occupied housing units!!Median selected monthly owner costs without a mortgage (dollars)"
"S0201_0301E","Estimate!!GROSS RENT AS A PERCENTAGE OF HOUSEHOLD INCOME IN THE PAST 12 MONTHS!!Occupied units paying rent (excluding units where GRAPI cannot be computed)"
"S0201_0301M","Margin of Error!!GROSS RENT AS A PERCENTAGE OF HOUSEHOLD INCOME IN THE PAST 12 MONTHS!!Occupied units paying rent (excluding units where GRAPI cannot be computed)"
"S0201_0302E","Estimate!!GROSS RENT AS A PERCENTAGE OF HOUSEHOLD INCOME IN THE PAST 12 MONTHS!!Occupied units paying rent (excluding units where GRAPI cannot be computed)!!Less than 30 percent"
"S0201_0302M","Margin of Error!!GROSS RENT AS A PERCENTAGE OF HOUSEHOLD INCOME IN THE PAST 12 MONTHS!!Occupied units paying rent (excluding units where GRAPI cannot be computed)!!Less than 30 percent"
"S0201_0303E","Estimate!!GROSS RENT AS A PERCENTAGE OF HOUSEHOLD INCOME IN THE PAST 12 MONTHS!!Occupied units paying rent (excluding units where GRAPI cannot be computed)!!30 percent or more"
"S0201_0303M","Margin of Error!!GROSS RENT AS A PERCENTAGE OF HOUSEHOLD INCOME IN THE PAST 12 MONTHS!!Occupied units paying rent (excluding units where GRAPI cannot be computed)!!30 percent or more"
"S0201_0304E","Estimate!!GROSS RENT!!Occupied units paying rent"
"S0201_0304M","Margin of Error!!GROSS RENT!!Occupied units paying rent"
"S0201_0305E","Estimate!!GROSS RENT!!Occupied units paying rent!!Median gross rent (dollars)"
"S0201_0305M","Margin of Error!!GROSS RENT!!Occupied units paying rent!!Median gross rent (dollars)"
"S0201_0306E","Estimate!!COMPUTERS AND INTERNET USE!!Total households"
"S0201_0306M","Margin of Error!!COMPUTERS AND INTERNET USE!!Total households"
"S0201_0307E","Estimate!!COMPUTERS AND INTERNET USE!!Total households!!With a computer"
"S0201_0307M","Margin of Error!!COMPUTERS AND INTERNET USE!!Total households!!With a computer"
"S0201_0308E","Estimate!!COMPUTERS AND INTERNET USE!!Total households!!With a broadband Internet subscription"
"S0201_0308M","Margin of Error!!COMPUTERS AND INTERNET USE!!Total households!!With a broadband Internet subscription"
